{"train_loss": [0.2640810012817383, 0.12022999674081802, 0.07430599629878998, 0.045037999749183655, 0.033500999212265015, 0.033236000686883926, 0.03702700138092041, 0.026017000898718834, 0.018758999183773994, 0.015142000280320644], "val_loss": [0.1948239952325821, 0.20687800645828247, 0.23183199763298035, 0.3114520013332367, 0.45377400517463684, 0.45669299364089966, 0.45413100719451904, 0.42897701263427734, 0.5031430125236511, 0.6347110271453857], "train_acc": [0.9628000259399414, 0.982699990272522, 0.9904000163078308, 0.9936000108718872, 0.9952999949455261, 0.9958000183105469, 0.9966999888420105, 0.9972000122070312, 0.9980999827384949, 0.9983000159263611], "val_acc": [0.9715999960899353, 0.9631999731063843, 0.9588000178337097, 0.9667999744415283, 0.920799970626831, 0.9312999844551086, 0.9445000290870667, 0.9623000025749207, 0.9674999713897705, 0.9678000211715698], "train_prec": [0.7480000257492065, 0.8694000244140625, 0.9239000082015991, 0.9480000138282776, 0.9607999920845032, 0.9650999903678894, 0.9725000262260437, 0.9757999777793884, 0.9830999970436096, 0.98580002784729], "val_prec": [0.7997000217437744, 0.7422999739646912, 0.717199981212616, 0.7639999985694885, 0.5595999956130981, 0.597100019454956, 0.6495000123977661, 0.7389000058174133, 0.7748000025749207, 0.7782999873161316], "train_rec": [0.947700023651123, 0.9729999899864197, 0.9853000044822693, 0.9904999732971191, 0.9934999942779541, 0.9943000078201294, 0.9950000047683716, 0.9962000250816345, 0.9977999925613403, 0.9975000023841858], "val_rec": [0.955299973487854, 0.9679999947547913, 0.9707000255584717, 0.96670001745224, 0.9760000109672546, 0.9613000154495239, 0.9672999978065491, 0.9639999866485596, 0.9520000219345093, 0.9480000138282776], "train_spec": [0.9645000100135803, 0.9837999939918518, 0.9909999966621399, 0.9940000176429749, 0.9955000281333923, 0.9959999918937683, 0.9969000220298767, 0.9973000288009644, 0.9980999827384949, 0.9983999729156494], "val_spec": [0.9733999967575073, 0.9627000093460083, 0.9574999809265137, 0.9667999744415283, 0.9146999716758728, 0.9279000163078308, 0.9419999718666077, 0.9621000289916992, 0.9692999720573425, 0.9700000286102295], "train_f1": [0.8361, 0.9183, 0.9536, 0.9688, 0.9769, 0.9795, 0.9836, 0.9859, 0.9904, 0.9916], "val_f1": [0.8706, 0.8403, 0.8249, 0.8535, 0.7113, 0.7366, 0.7772, 0.8366, 0.8543, 0.8548], "train_fpr": [0.03550000116229057, 0.016200000420212746, 0.008999999612569809, 0.006000000052154064, 0.0044999998062849045, 0.004000000189989805, 0.003100000089034438, 0.0027000000700354576, 0.0019000000320374966, 0.0015999999595806003], "val_fpr": [0.026599999517202377, 0.037300001829862595, 0.042500000447034836, 0.03319999948143959, 0.08529999852180481, 0.07209999859333038, 0.057999998331069946, 0.03790000081062317, 0.030700000002980232, 0.029999999329447746]}