{"train_loss": [0.5192599892616272, 0.23945100605487823, 0.14145700633525848, 0.09096899628639221, 0.08905000239610672], "val_loss": [0.27323099970817566, 0.2475849986076355, 0.27031901478767395, 0.36078301072120667, 0.4597499966621399], "train_acc": [0.9643999934196472, 0.983299970626831, 0.9907000064849854, 0.9944999814033508, 0.9957000017166138], "val_acc": [0.9336000084877014, 0.9674000144004822, 0.9736999869346619, 0.9333000183105469, 0.9693999886512756], "train_prec": [0.7572000026702881, 0.873199999332428, 0.9258000254631042, 0.9557999968528748, 0.9646000266075134], "val_prec": [0.605400025844574, 0.7710000276565552, 0.8184999823570251, 0.603600025177002, 0.7849000096321106], "train_rec": [0.9478999972343445, 0.9746999740600586, 0.98580002784729, 0.9904999732971191, 0.9932000041007996], "val_rec": [0.9646999835968018, 0.9587000012397766, 0.9473000168800354, 0.9707000255584717, 0.9559999704360962], "train_spec": [0.9661999940872192, 0.9843000173568726, 0.9911999702453613, 0.9948999881744385, 0.9958999752998352], "val_spec": [0.9301000237464905, 0.9684000015258789, 0.9767000079154968, 0.9291999936103821, 0.9708999991416931], "train_f1": [0.8419, 0.9212, 0.9549, 0.9728, 0.9787], "val_f1": [0.7439, 0.8547, 0.8782, 0.7443, 0.862], "train_fpr": [0.033799998462200165, 0.015699999406933784, 0.008799999952316284, 0.005100000184029341, 0.004100000020116568], "val_fpr": [0.06989999860525131, 0.031599998474121094, 0.02329999953508377, 0.07079999893903732, 0.029100000858306885]}