{"train_loss": [0.2742449939250946, 0.06453300267457962, 0.038231998682022095, 0.019153999164700508, 0.027148999273777008, 0.016062000766396523, 0.014121999964118004, 0.01433899998664856, 0.00962899997830391, 0.009460999630391598], "val_loss": [0.18097899854183197, 0.30554699897766113, 0.30541300773620605, 0.5080509781837463, 0.5334740281105042, 0.554328978061676, 0.6144750118255615, 0.6641160249710083, 0.5923879742622375, 0.7798789739608765], "train_acc": [0.9584000110626221, 0.9904000163078308, 0.9944000244140625, 0.9968000054359436, 0.996999979019165, 0.9976999759674072, 0.9980999827384949, 0.9980000257492065, 0.9983000159263611, 0.9986000061035156], "val_acc": [0.9778000116348267, 0.9713000059127808, 0.9613000154495239, 0.9279000163078308, 0.9807999730110168, 0.9729999899864197, 0.9557999968528748, 0.9603000283241272, 0.9749000072479248, 0.9695000052452087], "train_prec": [0.7243000268936157, 0.9222999811172485, 0.9532999992370605, 0.9725000262260437, 0.9740999937057495, 0.9797000288963318, 0.983299970626831, 0.9824000000953674, 0.9848999977111816, 0.988099992275238], "val_prec": [0.8463000059127808, 0.8075000047683716, 0.7325999736785889, 0.5842999815940857, 0.8889999985694885, 0.8199999928474426, 0.704800009727478, 0.7261999845504761, 0.8234000205993652, 0.7885000109672546], "train_rec": [0.9424999952316284, 0.9872999787330627, 0.9922999739646912, 0.9962999820709229, 0.9968000054359436, 0.9976999759674072, 0.9980000257492065, 0.9976999759674072, 0.9984999895095825, 0.9984999895095825], "val_rec": [0.9506999850273132, 0.9366999864578247, 0.9660000205039978, 0.9660000205039978, 0.92330002784729, 0.9352999925613403, 0.9599999785423279, 0.9672999978065491, 0.9539999961853027, 0.9492999911308289], "train_spec": [0.960099995136261, 0.9908000230789185, 0.9945999979972839, 0.9969000220298767, 0.9970999956130981, 0.9976999759674072, 0.9980999827384949, 0.9980000257492065, 0.9983000159263611, 0.9987000226974487], "val_spec": [0.9807999730110168, 0.9751999974250793, 0.9607999920845032, 0.9236000180244446, 0.9872000217437744, 0.9771999716758728, 0.955299973487854, 0.9595000147819519, 0.9772999882698059, 0.9717000126838684], "train_f1": [0.8191, 0.9537, 0.9724, 0.9843, 0.9853, 0.9886, 0.9906, 0.99, 0.9917, 0.9933], "val_f1": [0.8955, 0.8673, 0.8333, 0.7282, 0.9058, 0.8739, 0.8128, 0.8296, 0.8839, 0.8615], "train_fpr": [0.039900001138448715, 0.009200000204145908, 0.005400000140070915, 0.003100000089034438, 0.002899999963119626, 0.002300000051036477, 0.0019000000320374966, 0.0020000000949949026, 0.0017000000225380063, 0.0013000000035390258], "val_fpr": [0.019200000911951065, 0.024800000712275505, 0.03920000046491623, 0.07639999687671661, 0.012799999676644802, 0.02280000038444996, 0.04470000043511391, 0.04050000011920929, 0.022700000554323196, 0.028300000354647636]}