{"train_loss": [0.2552649974822998, 0.14586099982261658, 0.07800199836492538, 0.06424500048160553, 0.04020800068974495, 0.02821199968457222, 0.03277600184082985, 0.016933999955654144, 0.014480000361800194, 0.01583399996161461], "val_loss": [0.2087399959564209, 0.20554600656032562, 0.27081099152565, 0.30027300119400024, 0.4650479853153229, 0.46607598662376404, 0.44459301233291626, 0.442315012216568, 0.6480389833450317, 0.5407270193099976], "train_acc": [0.9639000296592712, 0.9814000129699707, 0.989799976348877, 0.9919999837875366, 0.9950000047683716, 0.996399998664856, 0.9965999722480774, 0.9980999827384949, 0.998199999332428, 0.998199999332428], "val_acc": [0.9711999893188477, 0.9692000150680542, 0.9650999903678894, 0.963100016117096, 0.939300000667572, 0.961899995803833, 0.9422000050544739, 0.9684000015258789, 0.9333999752998352, 0.9559000134468079], "train_prec": [0.7533000111579895, 0.8623999953269958, 0.9186999797821045, 0.9351000189781189, 0.9593999981880188, 0.9707000255584717, 0.9718000292778015, 0.9839000105857849, 0.9850000143051147, 0.9851999878883362], "val_prec": [0.8033999800682068, 0.7810999751091003, 0.7567999958992004, 0.7475000023841858, 0.6269000172615051, 0.739300012588501, 0.6388000249862671, 0.7806000113487244, 0.6039999723434448, 0.7038999795913696], "train_rec": [0.9498000144958496, 0.9692000150680542, 0.9847999811172485, 0.9887999892234802, 0.9922000169754028, 0.9940000176429749, 0.9947999715805054, 0.9972000122070312, 0.996999979019165, 0.9975000023841858], "val_rec": [0.9427000284194946, 0.9613000154495239, 0.9587000012397766, 0.9532999992370605, 0.9700000286102295, 0.9567000269889832, 0.9713000059127808, 0.9513000249862671, 0.9700000286102295, 0.9653000235557556], "train_spec": [0.965399980545044, 0.9828000068664551, 0.9902999997138977, 0.9923999905586243, 0.9952999949455261, 0.9966999888420105, 0.9968000054359436, 0.998199999332428, 0.9983000159263611, 0.9983000159263611], "val_spec": [0.974399983882904, 0.9700999855995178, 0.9657999873161316, 0.9642000198364258, 0.9358999729156494, 0.9624999761581421, 0.9390000104904175, 0.970300018787384, 0.9293000102043152, 0.9549000263214111], "train_f1": [0.8402, 0.9127, 0.9506, 0.9612, 0.9755, 0.9822, 0.9832, 0.9905, 0.991, 0.9913], "val_f1": [0.8675, 0.8619, 0.8459, 0.8379, 0.7616, 0.8341, 0.7707, 0.8575, 0.7444, 0.8141], "train_fpr": [0.03460000082850456, 0.01720000058412552, 0.009700000286102295, 0.007600000128149986, 0.004699999932199717, 0.0032999999821186066, 0.0031999999191612005, 0.0017999999690800905, 0.0017000000225380063, 0.0017000000225380063], "val_fpr": [0.025599999353289604, 0.029899999499320984, 0.03420000150799751, 0.03579999879002571, 0.0640999972820282, 0.03750000149011612, 0.061000000685453415, 0.02969999983906746, 0.07069999724626541, 0.045099999755620956]}