{"train_loss": [0.5298900008201599, 0.2645469903945923, 0.1608230024576187, 0.1100509986281395, 0.11179199814796448], "val_loss": [0.2342119961977005, 0.2551009953022003, 0.31725001335144043, 0.37471500039100647, 0.4088450074195862], "train_acc": [0.963100016117096, 0.9812999963760376, 0.9898999929428101, 0.9936000108718872, 0.9962000250816345], "val_acc": [0.9564999938011169, 0.9509000182151794, 0.9631999731063843, 0.9682000279426575, 0.9574999809265137], "train_prec": [0.7495999932289124, 0.8586999773979187, 0.9208999872207642, 0.9488999843597412, 0.9689000248908997], "val_prec": [0.7103000283241272, 0.6769999861717224, 0.7455999851226807, 0.7753999829292297, 0.7128999829292297], "train_rec": [0.9476000070571899, 0.9726999998092651, 0.9836999773979187, 0.989799976348877, 0.9937999844551086], "val_rec": [0.9546999931335449, 0.9739999771118164, 0.9592999815940857, 0.9599999785423279, 0.9632999897003174], "train_spec": [0.9648000001907349, 0.982200026512146, 0.9905999898910522, 0.9940999746322632, 0.9965000152587891], "val_spec": [0.9567000269889832, 0.9484000205993652, 0.9635999798774719, 0.9690999984741211, 0.9569000005722046], "train_f1": [0.8371, 0.9122, 0.9513, 0.9689, 0.9812], "val_f1": [0.8146, 0.7988, 0.8391, 0.8579, 0.8194], "train_fpr": [0.03519999980926514, 0.017799999564886093, 0.009399999864399433, 0.005900000222027302, 0.0035000001080334187], "val_fpr": [0.043299999088048935, 0.051600001752376556, 0.036400001496076584, 0.030899999663233757, 0.04309999942779541]}