{"train_loss": [0.38616201281547546, 0.16752900183200836, 0.09260299801826477, 0.06938000023365021, 0.07389000058174133, 0.0449410006403923, 0.06280700117349625, 0.024985000491142273, 0.029572999104857445, 0.025767000392079353], "val_loss": [0.22454099357128143, 0.27109500765800476, 0.2587690055370331, 0.2532060146331787, 0.3191460072994232, 0.2823910117149353, 0.3207150101661682, 0.41246700286865234, 0.4760519862174988, 0.3918449878692627], "train_acc": [0.9348999857902527, 0.9793000221252441, 0.9894000291824341, 0.9916999936103821, 0.9936000108718872, 0.9940000176429749, 0.9957000017166138, 0.9972000122070312, 0.9976000189781189, 0.9977999925613403], "val_acc": [0.9708999991416931, 0.9527999758720398, 0.9624000191688538, 0.9718999862670898, 0.9286999702453613, 0.9763000011444092, 0.9726999998092651, 0.98089998960495, 0.9818999767303467, 0.9790999889373779], "train_prec": [0.6202999949455261, 0.8503000140190125, 0.9190000295639038, 0.935699999332428, 0.951200008392334, 0.953000009059906, 0.9660999774932861, 0.9786999821662903, 0.9804999828338623, 0.9833999872207642], "val_prec": [0.8019000291824341, 0.6904000043869019, 0.7426999807357788, 0.805899977684021, 0.586899995803833, 0.8381999731063843, 0.807200014591217, 0.8841999769210815, 0.9136999845504761, 0.8687999844551086], "train_rec": [0.9006999731063843, 0.9621999859809875, 0.9797999858856201, 0.9847999811172485, 0.9869999885559082, 0.9891999959945679, 0.9919999837875366, 0.9937999844551086, 0.9958000183105469, 0.9952999949455261], "val_rec": [0.9419999718666077, 0.9573000073432922, 0.9546999931335449, 0.9466999769210815, 0.9707000255584717, 0.9459999799728394, 0.9546999931335449, 0.9312999844551086, 0.9039999842643738, 0.9312999844551086], "train_spec": [0.9387000203132629, 0.9811999797821045, 0.9904000163078308, 0.9925000071525574, 0.9944000244140625, 0.9945999979972839, 0.9961000084877014, 0.9976000189781189, 0.9977999925613403, 0.9980999827384949], "val_spec": [0.9740999937057495, 0.9523000121116638, 0.9632999897003174, 0.9746999740600586, 0.9240999817848206, 0.9797000288963318, 0.9746999740600586, 0.9864000082015991, 0.9904999732971191, 0.9843999743461609], "train_f1": [0.7347, 0.9028, 0.9484, 0.9596, 0.9688, 0.9708, 0.9789, 0.9862, 0.9881, 0.9893], "val_f1": [0.8663, 0.8022, 0.8355, 0.8706, 0.7315, 0.8888, 0.8748, 0.9071, 0.9088, 0.899], "train_fpr": [0.06129999831318855, 0.018799999728798866, 0.009600000455975533, 0.007499999832361937, 0.00559999980032444, 0.005400000140070915, 0.0038999998942017555, 0.002400000113993883, 0.002199999988079071, 0.0019000000320374966], "val_fpr": [0.02590000070631504, 0.04769999906420708, 0.03669999912381172, 0.025299999862909317, 0.07590000331401825, 0.0203000009059906, 0.025299999862909317, 0.01360000018030405, 0.009499999694526196, 0.015599999576807022]}