{"train_loss": [0.275411993265152, 0.07020100206136703, 0.03845499828457832, 0.02222900092601776, 0.018803000450134277, 0.011416000314056873, 0.03505700081586838, 0.013869999907910824, 0.0056570000015199184, 0.004947000183165073], "val_loss": [0.18731099367141724, 0.28673499822616577, 0.30152300000190735, 0.48997199535369873, 0.6293129920959473, 0.593284010887146, 0.39272400736808777, 0.6634039878845215, 1.0812300443649292, 1.0096410512924194], "train_acc": [0.9587000012397766, 0.989799976348877, 0.9941999912261963, 0.9969000220298767, 0.9972000122070312, 0.9983000159263611, 0.9977999925613403, 0.9977999925613403, 0.9990000128746033, 0.9993000030517578], "val_acc": [0.9764000177383423, 0.9725000262260437, 0.9726999998092651, 0.9409000277519226, 0.9817000031471252, 0.9750000238418579, 0.9632999897003174, 0.9721999764442444, 0.9771000146865845, 0.9736999869346619], "train_prec": [0.7257000207901001, 0.917900025844574, 0.9520000219345093, 0.973800003528595, 0.9751999974250793, 0.9854999780654907, 0.9796000123023987, 0.9807000160217285, 0.9908999800682068, 0.9934999942779541], "val_prec": [0.8342999815940857, 0.8098000288009644, 0.8051999807357788, 0.6330000162124634, 0.8834999799728394, 0.828000009059906, 0.7475000023841858, 0.8068000078201294, 0.8511999845504761, 0.8259999752044678], "train_rec": [0.9437999725341797, 0.98580002784729, 0.9925000071525574, 0.9959999918937683, 0.9968000054359436, 0.9980000257492065, 0.9983000159263611, 0.9973000288009644, 0.9987999796867371, 0.9991999864578247], "val_rec": [0.9532999992370605, 0.9480000138282776, 0.9587000012397766, 0.9726999998092651, 0.9406999945640564, 0.9466999769210815, 0.955299973487854, 0.9492999911308289, 0.9347000122070312, 0.9333000183105469], "train_spec": [0.9603999853134155, 0.9901999831199646, 0.9944000244140625, 0.996999979019165, 0.9972000122070312, 0.9983999729156494, 0.9976999759674072, 0.9977999925613403, 0.9990000128746033, 0.9993000030517578], "val_spec": [0.9789999723434448, 0.9753000140190125, 0.9742000102996826, 0.9373000264167786, 0.9861999750137329, 0.9781000018119812, 0.9641000032424927, 0.9746999740600586, 0.9818999767303467, 0.9781000018119812], "train_f1": [0.8205, 0.9506, 0.9718, 0.9848, 0.9859, 0.9917, 0.9889, 0.9889, 0.9948, 0.9963], "val_f1": [0.8898, 0.8735, 0.8753, 0.7669, 0.9112, 0.8834, 0.8387, 0.8723, 0.891, 0.8764], "train_fpr": [0.03959999978542328, 0.009800000116229057, 0.00559999980032444, 0.003000000026077032, 0.00279999990016222, 0.0015999999595806003, 0.002300000051036477, 0.002199999988079071, 0.0010000000474974513, 0.000699999975040555], "val_fpr": [0.020999999716877937, 0.024700000882148743, 0.025800000876188278, 0.06270000338554382, 0.013799999840557575, 0.021900000050663948, 0.03590000048279762, 0.025299999862909317, 0.01810000091791153, 0.021900000050663948]}