{"train_loss": [0.27563101053237915, 0.07308699935674667, 0.03826000168919563, 0.02289400063455105, 0.019922999665141106, 0.010046999901533127, 0.00964600034058094, 0.011655000038444996, 0.02153100073337555, 0.008003000169992447], "val_loss": [0.18123500049114227, 0.26819801330566406, 0.3371570110321045, 0.5366560220718384, 0.428600013256073, 0.6513640284538269, 0.6550390124320984, 0.7689279913902283, 0.7756549715995789, 1.0414350032806396], "train_acc": [0.958299994468689, 0.9901999831199646, 0.9945999979972839, 0.9968000054359436, 0.9965999722480774, 0.9987000226974487, 0.9980000257492065, 0.9983000159263611, 0.9987999796867371, 0.9987999796867371], "val_acc": [0.9757000207901001, 0.978600025177002, 0.9542999863624573, 0.9409000277519226, 0.9772999882698059, 0.9753000140190125, 0.9718999862670898, 0.9771000146865845, 0.975600004196167, 0.9799000024795532], "train_prec": [0.7240999937057495, 0.9217000007629395, 0.95660001039505, 0.9725000262260437, 0.9700000286102295, 0.9883000254631042, 0.9828000068664551, 0.9848999977111816, 0.9890999794006348, 0.9896000027656555], "val_prec": [0.8270999789237976, 0.8614000082015991, 0.694100022315979, 0.6358000040054321, 0.8518999814987183, 0.8303999900817871, 0.8015000224113464, 0.8507999777793884, 0.833899974822998, 0.8754000067710876], "train_rec": [0.9424999952316284, 0.9854999780654907, 0.9915000200271606, 0.9962000250816345, 0.9962999820709229, 0.9984999895095825, 0.9977999925613403, 0.9980000257492065, 0.9984999895095825, 0.9987000226974487], "val_rec": [0.9567000269889832, 0.9366999864578247, 0.9713000059127808, 0.9580000042915344, 0.9352999925613403, 0.9466999769210815, 0.955299973487854, 0.9352999925613403, 0.9440000057220459, 0.9319999814033508], "train_spec": [0.960099995136261, 0.9907000064849854, 0.9950000047683716, 0.9969000220298767, 0.9965999722480774, 0.9987000226974487, 0.9980999827384949, 0.9983000159263611, 0.9987999796867371, 0.9987999796867371], "val_spec": [0.9778000116348267, 0.983299970626831, 0.9524000287055969, 0.9390000104904175, 0.9818999767303467, 0.9785000085830688, 0.9736999869346619, 0.9818000197410583, 0.9790999889373779, 0.9853000044822693], "train_f1": [0.819, 0.9525, 0.9737, 0.9842, 0.983, 0.9934, 0.9902, 0.9914, 0.9938, 0.9941], "val_f1": [0.8872, 0.8975, 0.8096, 0.7643, 0.8917, 0.8847, 0.8717, 0.8911, 0.8855, 0.9028], "train_fpr": [0.039900001138448715, 0.00930000003427267, 0.004999999888241291, 0.003100000089034438, 0.0034000000450760126, 0.0013000000035390258, 0.0019000000320374966, 0.0017000000225380063, 0.0012000000569969416, 0.0012000000569969416], "val_fpr": [0.022199999541044235, 0.016699999570846558, 0.047600001096725464, 0.061000000685453415, 0.01810000091791153, 0.0215000007301569, 0.02630000002682209, 0.018200000748038292, 0.020899999886751175, 0.014700000174343586]}