{"train_loss": [0.5740870237350464], "val_loss": [4.91526985168457], "train_acc": [0.9941999912261963], "val_acc": [0.9344000220298767], "train_prec": [0.9545000195503235], "val_prec": [0.9478999972343445], "train_rec": [0.9896000027656555], "val_rec": [0.36399999260902405], "train_spec": [0.9947999715805054], "val_spec": [0.9977999925613403], "train_f1": [0.9717], "val_f1": [0.526], "train_fpr": [0.005200000014156103], "val_fpr": [0.002199999988079071]}