{"train_loss": [0.27557000517845154, 0.07164300233125687, 0.03588499873876572, 0.022624000906944275, 0.019182000309228897, 0.013225000351667404, 0.011502999812364578, 0.012881999835371971, 0.007267000153660774, 0.012101000174880028], "val_loss": [0.18051399290561676, 0.3058280050754547, 0.40147900581359863, 0.4749689996242523, 0.5492849946022034, 0.5463389754295349, 0.5959849953651428, 0.8453869819641113, 0.8764600157737732, 0.5211349725723267], "train_acc": [0.9585000276565552, 0.9908000230789185, 0.9950000047683716, 0.9965999722480774, 0.996999979019165, 0.9976999759674072, 0.9986000061035156, 0.9984999895095825, 0.9987999796867371, 0.998199999332428], "val_acc": [0.9781000018119812, 0.9779000282287598, 0.9674999713897705, 0.946399986743927, 0.9785000085830688, 0.9721999764442444, 0.965399980545044, 0.9794999957084656, 0.9753000140190125, 0.9753000140190125], "train_prec": [0.7251999974250793, 0.9266999959945679, 0.9581999778747559, 0.9706000089645386, 0.9735000133514404, 0.9803000092506409, 0.9878000020980835, 0.9869999885559082, 0.9901000261306763, 0.9842000007629395], "val_prec": [0.8461999893188477, 0.8565000295639038, 0.7700999975204468, 0.6593000292778015, 0.8629999756813049, 0.8061000108718872, 0.7591000199317932, 0.8705999851226807, 0.8310999870300293, 0.828000009059906], "train_rec": [0.942300021648407, 0.98580002784729, 0.9929999709129333, 0.9959999918937683, 0.996999979019165, 0.996999979019165, 0.9983000159263611, 0.9984999895095825, 0.9984999895095825, 0.9984999895095825], "val_rec": [0.9539999961853027, 0.9352999925613403, 0.9627000093460083, 0.9599999785423279, 0.932699978351593, 0.9506999850273132, 0.9580000042915344, 0.9333000183105469, 0.9447000026702881, 0.949999988079071], "train_spec": [0.9603000283241272, 0.9912999868392944, 0.995199978351593, 0.9965999722480774, 0.996999979019165, 0.9977999925613403, 0.9986000061035156, 0.9984999895095825, 0.9988999962806702, 0.998199999332428], "val_spec": [0.9807000160217285, 0.9825999736785889, 0.9681000113487244, 0.9448999762535095, 0.9836000204086304, 0.9746000170707703, 0.9661999940872192, 0.9846000075340271, 0.9786999821662903, 0.9781000018119812], "train_f1": [0.8196, 0.9553, 0.9753, 0.9831, 0.9851, 0.9886, 0.993, 0.9927, 0.9943, 0.9913], "val_f1": [0.8969, 0.8942, 0.8557, 0.7817, 0.8965, 0.8724, 0.847, 0.9009, 0.8843, 0.8848], "train_fpr": [0.03970000147819519, 0.008700000122189522, 0.004800000227987766, 0.0034000000450760126, 0.003000000026077032, 0.002199999988079071, 0.00139999995008111, 0.001500000013038516, 0.0010999999940395355, 0.0017999999690800905], "val_fpr": [0.019300000742077827, 0.017400000244379044, 0.03189999982714653, 0.05510000139474869, 0.01640000008046627, 0.02539999969303608, 0.033799998462200165, 0.015399999916553497, 0.021299999207258224, 0.021900000050663948]}