{"train_loss": [1.5749540328979492, 0.7199850082397461], "val_loss": [0.2656730115413666, 0.26244398951530457], "train_acc": [0.9624999761581421, 0.98580002784729], "val_acc": [0.9585000276565552, 0.9803000092506409], "train_prec": [0.7559000253677368, 0.8974000215530396], "val_prec": [0.7188000082969666, 0.8805999755859375], "train_rec": [0.9228000044822693, 0.9692000150680542], "val_rec": [0.9613000154495239, 0.9293000102043152], "train_spec": [0.9668999910354614, 0.9876999855041504], "val_spec": [0.9581999778747559, 0.9860000014305115], "train_f1": [0.8311, 0.9319], "val_f1": [0.8225, 0.9043], "train_fpr": [0.03310000151395798, 0.012299999594688416], "val_fpr": [0.04179999977350235, 0.014000000432133675]}