{"train_loss": [0.27654099464416504, 0.06603299826383591, 0.03744399920105934, 0.02336600050330162, 0.01610499992966652, 0.01207599975168705, 0.017777999863028526, 0.010501000098884106, 0.0071760001592338085, 0.015615999698638916], "val_loss": [0.18793700635433197, 0.2708800137042999, 0.36431899666786194, 0.4237529933452606, 0.5338039994239807, 0.5387920141220093, 0.6374329924583435, 0.5508540272712708, 0.690077006816864, 0.5303090214729309], "train_acc": [0.958299994468689, 0.989799976348877, 0.9944000244140625, 0.9962000250816345, 0.9972000122070312, 0.9983000159263611, 0.9977999925613403, 0.9983999729156494, 0.9986000061035156, 0.9983999729156494], "val_acc": [0.9761000275611877, 0.9758999943733215, 0.9786999821662903, 0.9433000087738037, 0.9742000102996826, 0.96670001745224, 0.9610999822616577, 0.9735000133514404, 0.9768999814987183, 0.9696999788284302], "train_prec": [0.7235000133514404, 0.9175000190734863, 0.9531000256538391, 0.9670000076293945, 0.9757999777793884, 0.9854000210762024, 0.9807000160217285, 0.9850000143051147, 0.9876000285148621, 0.9860000014305115], "val_prec": [0.829200029373169, 0.8339999914169312, 0.8525000214576721, 0.6449999809265137, 0.8245000243186951, 0.7684000134468079, 0.7348999977111816, 0.8162999749183655, 0.840499997138977, 0.7871999740600586], "train_rec": [0.9433000087738037, 0.986299991607666, 0.9929999709129333, 0.9955000281333923, 0.9962000250816345, 0.9980000257492065, 0.9975000023841858, 0.9987000226974487, 0.9987999796867371, 0.9980000257492065], "val_rec": [0.9580000042915344, 0.9480000138282776, 0.9520000219345093, 0.9639999866485596, 0.9427000284194946, 0.955299973487854, 0.955299973487854, 0.9480000138282776, 0.9487000107765198, 0.9546999931335449], "train_spec": [0.9599000215530396, 0.9901000261306763, 0.9945999979972839, 0.9962000250816345, 0.9973000288009644, 0.9983999729156494, 0.9977999925613403, 0.9983000159263611, 0.9986000061035156, 0.9983999729156494], "val_spec": [0.9781000018119812, 0.9789999723434448, 0.9817000031471252, 0.9409999847412109, 0.9776999950408936, 0.9679999947547913, 0.9617000222206116, 0.9763000011444092, 0.9800000190734863, 0.9713000059127808], "train_f1": [0.8189, 0.9507, 0.9726, 0.981, 0.9859, 0.9917, 0.989, 0.9918, 0.9932, 0.992], "val_f1": [0.889, 0.8874, 0.8995, 0.7729, 0.8796, 0.8517, 0.8307, 0.8772, 0.8913, 0.8629], "train_fpr": [0.04010000079870224, 0.00989999994635582, 0.005400000140070915, 0.003800000064074993, 0.0027000000700354576, 0.0015999999595806003, 0.002199999988079071, 0.0017000000225380063, 0.00139999995008111, 0.0015999999595806003], "val_fpr": [0.021900000050663948, 0.020999999716877937, 0.018300000578165054, 0.05900000035762787, 0.022299999371170998, 0.03200000151991844, 0.03830000013113022, 0.02370000071823597, 0.019999999552965164, 0.028699999675154686]}