{"train_loss": [0.5131880044937134, 0.3038190007209778, 0.18655900657176971, 0.11819099634885788, 0.07608900219202042], "val_loss": [0.22963200509548187, 0.23917800188064575, 0.3921070098876953, 0.33267199993133545, 0.5636029839515686], "train_acc": [0.9646000266075134, 0.9789999723434448, 0.9894000291824341, 0.9937000274658203, 0.9958999752998352], "val_acc": [0.9571999907493591, 0.9539999961853027, 0.9222999811172485, 0.9692999720573425, 0.9591000080108643], "train_prec": [0.7585999965667725, 0.8452000021934509, 0.9180999994277954, 0.9498000144958496, 0.9677000045776367], "val_prec": [0.7164000272750854, 0.6934000253677368, 0.5641000270843506, 0.788100004196167, 0.7211999893188477], "train_rec": [0.947700023651123, 0.96670001745224, 0.9811999797821045, 0.9896000027656555, 0.9922999739646912], "val_rec": [0.9466999769210815, 0.9679999947547913, 0.982699990272522, 0.9473000168800354, 0.9639999866485596], "train_spec": [0.9664999842643738, 0.9803000092506409, 0.9902999997138977, 0.9941999912261963, 0.9962999820709229], "val_spec": [0.9584000110626221, 0.9524000287055969, 0.9156000018119812, 0.9717000126838684, 0.9585999846458435], "train_f1": [0.8427, 0.9019, 0.9486, 0.9693, 0.9798], "val_f1": [0.8156, 0.808, 0.7168, 0.8604, 0.8251], "train_fpr": [0.03350000083446503, 0.019700000062584877, 0.009700000286102295, 0.005799999926239252, 0.003700000001117587], "val_fpr": [0.041600000113248825, 0.047600001096725464, 0.0843999981880188, 0.028300000354647636, 0.0414000004529953]}