{"train_loss": [3.032155990600586], "val_loss": [0.3748689889907837], "train_acc": [0.964900016784668], "val_acc": [0.9452000260353088], "train_prec": [0.7681999802589417], "val_prec": [0.6541000008583069], "train_rec": [0.9294999837875366], "val_rec": [0.9592999815940857], "train_spec": [0.9688000082969666], "val_spec": [0.9435999989509583], "train_f1": [0.8412], "val_f1": [0.7778], "train_fpr": [0.031199999153614044], "val_fpr": [0.05640000104904175]}