{"train_loss": [1.1539299488067627, 0.5947459936141968], "val_loss": [0.22134600579738617, 0.3809320032596588], "train_acc": [0.9696000218391418, 0.9855999946594238], "val_acc": [0.9542999863624573, 0.965499997138977], "train_prec": [0.7878000140190125, 0.8912000060081482], "val_prec": [0.6942999958992004, 0.7627999782562256], "train_rec": [0.9531000256538391, 0.9753000140190125], "val_rec": [0.9707000255584717, 0.949999988079071], "train_spec": [0.9714999794960022, 0.9868000149726868], "val_spec": [0.9524999856948853, 0.967199981212616], "train_f1": [0.8626, 0.9314], "val_f1": [0.8096, 0.8462], "train_fpr": [0.02850000001490116, 0.013199999928474426], "val_fpr": [0.04749999940395355, 0.03280000016093254]}