{"train_loss": [0.7041239738464355, 0.3393929898738861, 0.2076680064201355, 0.14910200238227844, 0.12711599469184875], "val_loss": [0.2079779952764511, 0.21097999811172485, 0.20567600429058075, 0.28081798553466797, 0.32983601093292236], "train_acc": [0.9470000267028809, 0.9810000061988831, 0.9889000058174133, 0.9909999966621399, 0.9937999844551086], "val_acc": [0.9653000235557556, 0.9607999920845032, 0.9677000045776367, 0.96670001745224, 0.9549999833106995], "train_prec": [0.6747000217437744, 0.8633000254631042, 0.9171000123023987, 0.930899977684021, 0.9528999924659729], "val_prec": [0.7585999965667725, 0.732200026512146, 0.7705000042915344, 0.7674000263214111, 0.699999988079071], "train_rec": [0.9085999727249146, 0.9617999792098999, 0.9775999784469604, 0.9832000136375427, 0.9865999817848206], "val_rec": [0.9573000073432922, 0.9587000012397766, 0.9646999835968018, 0.9567000269889832, 0.9627000093460083], "train_spec": [0.9513000249862671, 0.9830999970436096, 0.9901999831199646, 0.9919000267982483, 0.9945999979972839], "val_spec": [0.9660999774932861, 0.9610000252723694, 0.9681000113487244, 0.9678000211715698, 0.9541000127792358], "train_f1": [0.7744, 0.9099, 0.9464, 0.9563, 0.9695], "val_f1": [0.8464, 0.8303, 0.8567, 0.8517, 0.8106], "train_fpr": [0.048700001090765, 0.016899999231100082, 0.009800000116229057, 0.008100000210106373, 0.005400000140070915], "val_fpr": [0.033900000154972076, 0.039000000804662704, 0.03189999982714653, 0.03220000118017197, 0.045899998396635056]}