{"train_loss": [0.7272300124168396, 0.3203890025615692, 0.20815299451351166, 0.16857099533081055, 0.12491399794816971], "val_loss": [0.20883899927139282, 0.19926199316978455, 0.25839999318122864, 0.30671700835227966, 0.24315600097179413], "train_acc": [0.9452000260353088, 0.9821000099182129, 0.989799976348877, 0.9919000267982483, 0.9939000010490417], "val_acc": [0.9645000100135803, 0.9753000140190125, 0.9632999897003174, 0.9659000039100647, 0.9692000150680542], "train_prec": [0.6653000116348267, 0.8704000115394592, 0.9251000285148621, 0.9390000104904175, 0.9535999894142151], "val_prec": [0.7556999921798706, 0.828499972820282, 0.746399998664856, 0.7623000144958496, 0.7804999947547913], "train_rec": [0.9107999801635742, 0.9646000266075134, 0.9769999980926514, 0.982699990272522, 0.9865999817848206], "val_rec": [0.9527000188827515, 0.949999988079071, 0.9592999815940857, 0.9580000042915344, 0.9627000093460083], "train_spec": [0.9491000175476074, 0.984000027179718, 0.9911999702453613, 0.992900013923645, 0.994700014591217], "val_spec": [0.9657999873161316, 0.9781000018119812, 0.9638000130653381, 0.9667999744415283, 0.9699000120162964], "train_f1": [0.7689, 0.9151, 0.9503, 0.9604, 0.9698], "val_f1": [0.8428, 0.8851, 0.8396, 0.849, 0.8621], "train_fpr": [0.05090000107884407, 0.01600000075995922, 0.008799999952316284, 0.0071000000461936, 0.0052999998442828655], "val_fpr": [0.03420000150799751, 0.021900000050663948, 0.03620000183582306, 0.03319999948143959, 0.03009999915957451]}