{"train_loss": [0.3897019922733307, 0.14305800199508667, 0.09453800320625305, 0.07311499863862991, 0.06978800147771835, 0.07850000262260437, 0.04645799845457077, 0.03180000185966492, 0.04848400130867958, 0.027664000168442726], "val_loss": [0.22440899908542633, 0.29175400733947754, 0.3368130028247833, 0.3081589937210083, 0.2784290015697479, 0.27757400274276733, 0.31760698556900024, 0.3782140016555786, 0.37664198875427246, 0.3517740070819855], "train_acc": [0.9319999814033508, 0.980400025844574, 0.9883000254631042, 0.9914000034332275, 0.9919999837875366, 0.9923999905586243, 0.9945999979972839, 0.9965000152587891, 0.9959999918937683, 0.9977999925613403], "val_acc": [0.972599983215332, 0.9258000254631042, 0.9749000072479248, 0.9466999769210815, 0.9656000137329102, 0.9721999764442444, 0.9690999984741211, 0.9757000207901001, 0.9506999850273132, 0.9706000089645386], "train_prec": [0.607699990272522, 0.8550000190734863, 0.9090999960899353, 0.9318000078201294, 0.9387999773025513, 0.9416999816894531, 0.9570000171661377, 0.9717000126838684, 0.9679999947547913, 0.9825999736785889], "val_prec": [0.8156999945640564, 0.5763000249862671, 0.8270000219345093, 0.6586999893188477, 0.758400022983551, 0.802299976348877, 0.7815999984741211, 0.8356999754905701, 0.6782000064849854, 0.79339998960495], "train_rec": [0.9023000001907349, 0.9678000211715698, 0.9812999963760376, 0.98580002784729, 0.984499990940094, 0.9851999878883362, 0.9909999966621399, 0.9943000078201294, 0.9932000041007996, 0.9959999918937683], "val_rec": [0.9380000233650208, 0.9739999771118164, 0.9466999769210815, 0.9686999917030334, 0.9627000093460083, 0.9580000042915344, 0.9592999815940857, 0.9427000284194946, 0.9639999866485596, 0.9546999931335449], "train_spec": [0.9352999925613403, 0.9818000197410583, 0.9890999794006348, 0.9919999837875366, 0.992900013923645, 0.9932000041007996, 0.9951000213623047, 0.9968000054359436, 0.996399998664856, 0.9980000257492065], "val_spec": [0.9764000177383423, 0.9204000234603882, 0.9779999852180481, 0.9441999793052673, 0.9659000039100647, 0.973800003528595, 0.9702000021934509, 0.9793999791145325, 0.9491999745368958, 0.9724000096321106], "train_f1": [0.7263, 0.9079, 0.9438, 0.958, 0.9611, 0.963, 0.9737, 0.9829, 0.9804, 0.9893], "val_f1": [0.8726, 0.7241, 0.8828, 0.7842, 0.8484, 0.8733, 0.8614, 0.886, 0.7962, 0.8666], "train_fpr": [0.06469999998807907, 0.018200000748038292, 0.010900000110268593, 0.00800000037997961, 0.0071000000461936, 0.006800000090152025, 0.004900000058114529, 0.0031999999191612005, 0.003599999938160181, 0.0020000000949949026], "val_fpr": [0.023600000888109207, 0.07959999889135361, 0.02199999988079071, 0.055799998342990875, 0.0340999998152256, 0.026200000196695328, 0.02979999966919422, 0.020600000396370888, 0.05079999938607216, 0.02759999968111515]}