{"train_loss": [1.135213017463684, 0.6360539793968201], "val_loss": [0.20362399518489838, 0.2612040042877197], "train_acc": [0.9704999923706055, 0.9854000210762024], "val_acc": [0.9592999815940857, 0.9702000021934509], "train_prec": [0.7924000024795532, 0.8903999924659729], "val_prec": [0.7215999960899353, 0.7965999841690063], "train_rec": [0.9549000263214111, 0.9739999771118164], "val_rec": [0.9660000205039978, 0.9427000284194946], "train_spec": [0.9721999764442444, 0.9866999983787537], "val_spec": [0.9585999846458435, 0.9732999801635742], "train_f1": [0.8661, 0.9303], "val_f1": [0.8261, 0.8635], "train_fpr": [0.027799999341368675, 0.013299999758601189], "val_fpr": [0.0414000004529953, 0.02669999934732914]}