{"train_loss": [0.34773799777030945, 0.11207800358533859, 0.06381800025701523, 0.050234999507665634, 0.04518600180745125, 0.030750000849366188, 0.03435700014233589, 0.040869999676942825, 0.028989000245928764, 0.04648600146174431], "val_loss": [0.2031089961528778, 0.23039300739765167, 0.27538400888442993, 0.3057120144367218, 0.31109800934791565, 0.41210299730300903, 0.3982680141925812, 0.40113499760627747, 0.43764498829841614, 0.3621329963207245], "train_acc": [0.9412000179290771, 0.9815000295639038, 0.9919000267982483, 0.9929999709129333, 0.9940000176429749, 0.9952999949455261, 0.9962000250816345, 0.9950000047683716, 0.9961000084877014, 0.9958999752998352], "val_acc": [0.9746000170707703, 0.9674999713897705, 0.9592999815940857, 0.947700023651123, 0.9527000188827515, 0.9577999711036682, 0.9740999937057495, 0.9746999740600586, 0.9735000133514404, 0.9538000226020813], "train_prec": [0.6449999809265137, 0.8600000143051147, 0.9344000220298767, 0.9435999989509583, 0.9516000151634216, 0.9610000252723694, 0.9682000279426575, 0.958299994468689, 0.968500018119812, 0.9656999707221985], "val_prec": [0.8235999941825867, 0.7680000066757202, 0.722599983215332, 0.6625999808311462, 0.6868000030517578, 0.7166000008583069, 0.8180999755859375, 0.8230000138282776, 0.8197000026702881, 0.6958000063896179], "train_rec": [0.916700005531311, 0.9736999869346619, 0.9883000254631042, 0.989300012588501, 0.9902999997138977, 0.9937000274658203, 0.994700014591217, 0.9926999807357788, 0.9933000206947327, 0.9943000078201294], "val_rec": [0.9492999911308289, 0.96670001745224, 0.9620000123977661, 0.9713000059127808, 0.9679999947547913, 0.9559999704360962, 0.9532999992370605, 0.9513000249862671, 0.9427000284194946, 0.9559999704360962], "train_spec": [0.9438999891281128, 0.9824000000953674, 0.9922999739646912, 0.993399977684021, 0.9944000244140625, 0.9955000281333923, 0.996399998664856, 0.995199978351593, 0.996399998664856, 0.9961000084877014], "val_spec": [0.977400004863739, 0.9675999879837036, 0.9589999914169312, 0.9449999928474426, 0.9509999752044678, 0.9580000042915344, 0.9764000177383423, 0.9772999882698059, 0.9769999980926514, 0.9535999894142151], "train_f1": [0.7572, 0.9133, 0.9606, 0.9659, 0.9706, 0.9771, 0.9813, 0.9752, 0.9807, 0.9798], "val_f1": [0.882, 0.856, 0.8253, 0.7878, 0.8035, 0.8192, 0.8805, 0.8825, 0.8769, 0.8054], "train_fpr": [0.05609999969601631, 0.01759999990463257, 0.007699999958276749, 0.006599999964237213, 0.00559999980032444, 0.0044999998062849045, 0.003599999938160181, 0.004800000227987766, 0.003599999938160181, 0.0038999998942017555], "val_fpr": [0.022600000724196434, 0.03240000084042549, 0.04100000113248825, 0.054999999701976776, 0.04899999871850014, 0.041999999433755875, 0.023600000888109207, 0.022700000554323196, 0.023000000044703484, 0.04639999940991402]}