{"train_loss": [0.27581700682640076, 0.07776100188493729, 0.03766600042581558, 0.020538000389933586, 0.01549999974668026, 0.012517999857664108, 0.012641999870538712, 0.010048000141978264, 0.021625999361276627, 0.00850600004196167], "val_loss": [0.18765400350093842, 0.28508099913597107, 0.26889199018478394, 0.5358129739761353, 0.49682000279426575, 0.5933700203895569, 0.41198399662971497, 0.8801760077476501, 0.6143730282783508, 0.7110099792480469], "train_acc": [0.9581000208854675, 0.9904000163078308, 0.9944000244140625, 0.9968000054359436, 0.9976000189781189, 0.9979000091552734, 0.9983999729156494, 0.998199999332428, 0.9983000159263611, 0.9987000226974487], "val_acc": [0.9768000245094299, 0.9786999821662903, 0.9695000052452087, 0.9746999740600586, 0.9805999994277954, 0.977400004863739, 0.9559999704360962, 0.9761000275611877, 0.9621000289916992, 0.9591000080108643], "train_prec": [0.722599983215332, 0.9236999750137329, 0.9538999795913696, 0.9724000096321106, 0.9797000288963318, 0.9815999865531921, 0.98580002784729, 0.9840999841690063, 0.9843999743461609, 0.9886000156402588], "val_prec": [0.8363999724388123, 0.8636999726295471, 0.784500002861023, 0.8306999802589417, 0.8809000253677368, 0.8525000214576721, 0.7050999999046326, 0.8406999707221985, 0.739799976348877, 0.7240999937057495], "train_rec": [0.9427000284194946, 0.9860000014305115, 0.9922999739646912, 0.9968000054359436, 0.9966999888420105, 0.9977999925613403, 0.9984999895095825, 0.9976999759674072, 0.9987000226974487, 0.9984999895095825], "val_rec": [0.9546999931335449, 0.9340000152587891, 0.9587000012397766, 0.9387000203132629, 0.9319999814033508, 0.9359999895095825, 0.9627000093460083, 0.939300000667572, 0.9573000073432922, 0.955299973487854], "train_spec": [0.9598000049591064, 0.9908999800682068, 0.994700014591217, 0.9969000220298767, 0.9976999759674072, 0.9979000091552734, 0.9983999729156494, 0.998199999332428, 0.998199999332428, 0.9987000226974487], "val_spec": [0.9793000221252441, 0.9836000204086304, 0.9707000255584717, 0.9786999821662903, 0.9860000014305115, 0.9819999933242798, 0.955299973487854, 0.9801999926567078, 0.9625999927520752, 0.9595999717712402], "train_f1": [0.8181, 0.9538, 0.9727, 0.9844, 0.9881, 0.9896, 0.9921, 0.9909, 0.9915, 0.9935], "val_f1": [0.8916, 0.8975, 0.8629, 0.8814, 0.9057, 0.8923, 0.814, 0.8873, 0.8346, 0.8238], "train_fpr": [0.04019999876618385, 0.009100000374019146, 0.0052999998442828655, 0.003100000089034438, 0.002300000051036477, 0.002099999925121665, 0.0015999999595806003, 0.0017999999690800905, 0.0017999999690800905, 0.0013000000035390258], "val_fpr": [0.02070000022649765, 0.01640000008046627, 0.02930000051856041, 0.021299999207258224, 0.014000000432133675, 0.017999999225139618, 0.04470000043511391, 0.01979999989271164, 0.03739999979734421, 0.04039999842643738]}