{"train_loss": [1.6926779747009277], "val_loss": [0.32545098662376404], "train_acc": [0.9789000153541565], "val_acc": [0.9606000185012817], "train_prec": [0.8449000120162964], "val_prec": [0.7297000288963318], "train_rec": [0.9667999744415283], "val_rec": [0.9627000093460083], "train_spec": [0.9803000092506409], "val_spec": [0.9603999853134155], "train_f1": [0.9017], "val_f1": [0.8302], "train_fpr": [0.019700000062584877], "val_fpr": [0.03959999978542328]}