{"train_loss": [0.37057599425315857, 0.1308079957962036, 0.06993900239467621, 0.06420700252056122, 0.05746399983763695, 0.05776200070977211, 0.046957001090049744, 0.0738070011138916, 0.047283001244068146, 0.038672998547554016], "val_loss": [0.2066659927368164, 0.27342501282691956, 0.28045201301574707, 0.34084901213645935, 0.37064701318740845, 0.24659499526023865, 0.3524610102176666, 0.3614810109138489, 0.35208699107170105, 0.3343319892883301], "train_acc": [0.9362000226974487, 0.9811000227928162, 0.9905999898910522, 0.9908999800682068, 0.9927999973297119, 0.9936000108718872, 0.9936000108718872, 0.993399977684021, 0.9951000213623047, 0.9959999918937683], "val_acc": [0.9710999727249146, 0.9419999718666077, 0.9708999991416931, 0.9696999788284302, 0.9476000070571899, 0.9585000276565552, 0.9574000239372253, 0.9577000141143799, 0.95169997215271, 0.9721999764442444], "train_prec": [0.6244999766349792, 0.8579999804496765, 0.9244999885559082, 0.9276999831199646, 0.9419999718666077, 0.9473999738693237, 0.9478999972343445, 0.9483000040054321, 0.9587000012397766, 0.9679999947547913], "val_prec": [0.8001000285148621, 0.6383000016212463, 0.7946000099182129, 0.7878999710083008, 0.6626999974250793, 0.7190999984741211, 0.7105000019073486, 0.7142000198364258, 0.6818000078201294, 0.8036999702453613], "train_rec": [0.9075000286102295, 0.9721999764442444, 0.9861999750137329, 0.9854999780654907, 0.9886999726295471, 0.9909999966621399, 0.9908000230789185, 0.9876999855041504, 0.9937999844551086, 0.9927999973297119], "val_rec": [0.9473000168800354, 0.9692999720573425, 0.9567000269889832, 0.9532999992370605, 0.9692999720573425, 0.9606999754905701, 0.9686999917030334, 0.9613000154495239, 0.9686999917030334, 0.955299973487854], "train_spec": [0.9394000172615051, 0.9821000099182129, 0.991100013256073, 0.9915000200271606, 0.9932000041007996, 0.9939000010490417, 0.9939000010490417, 0.9940000176429749, 0.995199978351593, 0.996399998664856], "val_spec": [0.9736999869346619, 0.9390000104904175, 0.9725000262260437, 0.9714999794960022, 0.9452000260353088, 0.958299994468689, 0.9560999870300293, 0.9573000073432922, 0.9498000144958496, 0.9740999937057495], "train_f1": [0.7399, 0.9115, 0.9544, 0.9557, 0.9648, 0.9687, 0.9689, 0.9676, 0.9759, 0.9802], "val_f1": [0.8675, 0.7697, 0.8681, 0.8627, 0.7872, 0.8225, 0.8197, 0.8195, 0.8003, 0.873], "train_fpr": [0.060600001364946365, 0.017899999395012856, 0.008899999782443047, 0.008500000461935997, 0.006800000090152025, 0.006099999882280827, 0.006099999882280827, 0.006000000052154064, 0.004800000227987766, 0.003599999938160181], "val_fpr": [0.02630000002682209, 0.061000000685453415, 0.027499999850988388, 0.02850000001490116, 0.05480000004172325, 0.04170000180602074, 0.04390000179409981, 0.04270000010728836, 0.050200000405311584, 0.02590000070631504]}