{"train_loss": [1.110489010810852, 0.4935329854488373], "val_loss": [0.2029460072517395, 0.27380499243736267], "train_acc": [0.9700000286102295, 0.9891999959945679], "val_acc": [0.9660000205039978, 0.9757000207901001], "train_prec": [0.7907999753952026, 0.9172000288963318], "val_prec": [0.7641000151634216, 0.8317999839782715], "train_rec": [0.9520000219345093, 0.98089998960495], "val_rec": [0.9546999931335449, 0.9492999911308289], "train_spec": [0.972000002861023, 0.9901999831199646], "val_spec": [0.9672999978065491, 0.9786999821662903], "train_f1": [0.8639, 0.948], "val_f1": [0.8488, 0.8867], "train_fpr": [0.02800000086426735, 0.009800000116229057], "val_fpr": [0.03269999846816063, 0.021299999207258224]}