{"train_loss": [0.2756809890270233, 0.07775700092315674, 0.037379998713731766, 0.017364999279379845, 0.020809000357985497, 0.013562999665737152, 0.011134999804198742, 0.014016999863088131, 0.00800000037997961, 0.004554999992251396], "val_loss": [0.1841209977865219, 0.2903209924697876, 0.2980769872665405, 0.5706200003623962, 0.4270409941673279, 0.6362199783325195, 0.642632007598877, 0.6237030029296875, 0.6467379927635193, 0.8284649848937988], "train_acc": [0.9584000110626221, 0.9902999997138977, 0.9947999715805054, 0.9973999857902527, 0.9969000220298767, 0.9977999925613403, 0.9979000091552734, 0.9983000159263611, 0.9986000061035156, 0.9990000128746033], "val_acc": [0.9763000011444092, 0.9797000288963318, 0.9667999744415283, 0.9453999996185303, 0.9781000018119812, 0.917900025844574, 0.9539999961853027, 0.979200005531311, 0.9707000255584717, 0.9787999987602234], "train_prec": [0.7239999771118164, 0.9222000241279602, 0.9574999809265137, 0.9782000184059143, 0.9731000065803528, 0.9815000295639038, 0.9815000295639038, 0.9850000143051147, 0.9878000020980835, 0.9907000064849854], "val_prec": [0.8338000178337097, 0.8784000277519226, 0.7645000219345093, 0.6567000150680542, 0.8511999845504761, 0.5512999892234802, 0.6951000094413757, 0.8590999841690063, 0.7946000099182129, 0.86080002784729], "train_rec": [0.9431999921798706, 0.9860000014305115, 0.9918000102043152, 0.9965000152587891, 0.9962999820709229, 0.9973000288009644, 0.998199999332428, 0.9980000257492065, 0.998199999332428, 0.9993000030517578], "val_rec": [0.9532999992370605, 0.9247000217437744, 0.9653000235557556, 0.9513000249862671, 0.9459999799728394, 0.9632999897003174, 0.9620000123977661, 0.9473000168800354, 0.9539999961853027, 0.9399999976158142], "train_spec": [0.960099995136261, 0.9908000230789185, 0.9951000213623047, 0.9975000023841858, 0.9969000220298767, 0.9979000091552734, 0.9979000091552734, 0.9983000159263611, 0.9986000061035156, 0.9990000128746033], "val_spec": [0.9789000153541565, 0.98580002784729, 0.9670000076293945, 0.9447000026702881, 0.9815999865531921, 0.9128999710083008, 0.9531000256538391, 0.982699990272522, 0.972599983215332, 0.9830999970436096], "train_f1": [0.8192, 0.953, 0.9743, 0.9873, 0.9846, 0.9893, 0.9898, 0.9915, 0.993, 0.995], "val_f1": [0.8896, 0.901, 0.8532, 0.777, 0.8961, 0.7013, 0.8071, 0.901, 0.867, 0.8987], "train_fpr": [0.039900001138448715, 0.009200000204145908, 0.004900000058114529, 0.0024999999441206455, 0.003100000089034438, 0.002099999925121665, 0.002099999925121665, 0.0017000000225380063, 0.00139999995008111, 0.0010000000474974513], "val_fpr": [0.0210999995470047, 0.0142000000923872, 0.032999999821186066, 0.05530000105500221, 0.018400000408291817, 0.08709999918937683, 0.04690000042319298, 0.01730000041425228, 0.027400000020861626, 0.016899999231100082]}