{"train_loss": [0.2766540050506592, 0.06565400213003159, 0.03906700015068054, 0.02177399955689907, 0.01926100067794323, 0.013279999606311321, 0.011091000400483608, 0.008617999963462353, 0.018306000158190727, 0.018106000497937202], "val_loss": [0.18853500485420227, 0.2841170132160187, 0.28872600197792053, 0.43242698907852173, 0.5121909976005554, 0.5654159784317017, 0.4425620138645172, 0.5262230038642883, 0.5797340273857117, 0.7447440028190613], "train_acc": [0.958299994468689, 0.9902999997138977, 0.9944000244140625, 0.9965000152587891, 0.9968000054359436, 0.9980999827384949, 0.9984999895095825, 0.9986000061035156, 0.9980000257492065, 0.9986000061035156], "val_acc": [0.9764000177383423, 0.973800003528595, 0.9538999795913696, 0.941100001335144, 0.9804999828338623, 0.9761000275611877, 0.9563000202178955, 0.961899995803833, 0.9491000175476074, 0.9768999814987183], "train_prec": [0.7235999703407288, 0.9215999841690063, 0.9534000158309937, 0.9696999788284302, 0.9718999862670898, 0.983299970626831, 0.9866999983787537, 0.9869999885559082, 0.9821000099182129, 0.9872999787330627], "val_prec": [0.8335000276565552, 0.8220000267028809, 0.6924999952316284, 0.6363999843597412, 0.8766000270843506, 0.8391000032424927, 0.70660001039505, 0.7346000075340271, 0.6704999804496765, 0.8547999858856201], "train_rec": [0.9431999921798706, 0.9868000149726868, 0.9929999709129333, 0.9965000152587891, 0.9972000122070312, 0.9980000257492065, 0.9984999895095825, 0.9987000226974487, 0.998199999332428, 0.9984999895095825], "val_rec": [0.9546999931335449, 0.9419999718666077, 0.9700000286102295, 0.9580000042915344, 0.9373000264167786, 0.9419999718666077, 0.9632999897003174, 0.9686999917030334, 0.9660000205039978, 0.9259999990463257], "train_spec": [0.9599999785423279, 0.9907000064849854, 0.9945999979972839, 0.9965000152587891, 0.9968000054359436, 0.9980999827384949, 0.9984999895095825, 0.9984999895095825, 0.9980000257492065, 0.9986000061035156], "val_spec": [0.9787999987602234, 0.9772999882698059, 0.9520999789237976, 0.9391999840736389, 0.9853000044822693, 0.9799000024795532, 0.9556000232696533, 0.9610999822616577, 0.9473000168800354, 0.9825000166893005], "train_f1": [0.8189, 0.9531, 0.9728, 0.9829, 0.9844, 0.9906, 0.9926, 0.9928, 0.9901, 0.9929], "val_f1": [0.89, 0.8779, 0.8081, 0.7648, 0.9059, 0.8876, 0.8152, 0.8356, 0.7916, 0.889], "train_fpr": [0.03999999910593033, 0.00930000003427267, 0.005400000140070915, 0.0035000001080334187, 0.0031999999191612005, 0.0019000000320374966, 0.001500000013038516, 0.001500000013038516, 0.0020000000949949026, 0.00139999995008111], "val_fpr": [0.021199999377131462, 0.022700000554323196, 0.0478999987244606, 0.06080000102519989, 0.014700000174343586, 0.020099999383091927, 0.04439999908208847, 0.03889999911189079, 0.05270000174641609, 0.017500000074505806]}