{"train_loss": [0.2581770122051239, 0.1498820036649704, 0.10519500076770782, 0.0801829993724823, 0.052664998918771744, 0.03559799864888191, 0.04236900061368942, 0.023384999483823776, 0.023775000125169754, 0.025290999561548233], "val_loss": [0.24703800678253174, 0.24872499704360962, 0.2774049937725067, 0.3415049910545349, 0.3109540045261383, 0.4155470132827759, 0.40416398644447327, 0.45795199275016785, 0.609935998916626, 0.5122590065002441], "train_acc": [0.965399980545044, 0.9789000153541565, 0.9872000217437744, 0.989799976348877, 0.9941999912261963, 0.9959999918937683, 0.9958999752998352, 0.9968000054359436, 0.9976000189781189, 0.998199999332428], "val_acc": [0.9726999998092651, 0.9696999788284302, 0.9538999795913696, 0.9455000162124634, 0.9585000276565552, 0.9664999842643738, 0.9456999897956848, 0.9625999927520752, 0.9345999956130981, 0.9488999843597412], "train_prec": [0.7631999850273132, 0.8439000248908997, 0.9017999768257141, 0.9203000068664551, 0.9545999765396118, 0.9678999781608582, 0.9660999774932861, 0.9736999869346619, 0.9804999828338623, 0.9854999780654907], "val_prec": [0.8187000155448914, 0.7918999791145325, 0.6916999816894531, 0.6521000266075134, 0.7160999774932861, 0.7694000005722046, 0.6549999713897705, 0.741100013256073, 0.6089000105857849, 0.6718000173568726], "train_rec": [0.9480000138282776, 0.968500018119812, 0.9782999753952026, 0.9836999773979187, 0.989300012588501, 0.9934999942779541, 0.9934999942779541, 0.9952999949455261, 0.9958000183105469, 0.996999979019165], "val_rec": [0.9333000183105469, 0.9459999799728394, 0.972000002861023, 0.9760000109672546, 0.9686999917030334, 0.949999988079071, 0.9646999835968018, 0.9620000123977661, 0.9672999978065491, 0.9567000269889832], "train_spec": [0.9672999978065491, 0.9800999760627747, 0.9882000088691711, 0.9904999732971191, 0.9947999715805054, 0.9962999820709229, 0.9961000084877014, 0.996999979019165, 0.9977999925613403, 0.9983999729156494], "val_spec": [0.9769999980926514, 0.9724000096321106, 0.9519000053405762, 0.9420999884605408, 0.9573000073432922, 0.9684000015258789, 0.9435999989509583, 0.9627000093460083, 0.9309999942779541, 0.9480999708175659], "train_f1": [0.8456, 0.9019, 0.9385, 0.9509, 0.9716, 0.9805, 0.9796, 0.9844, 0.9881, 0.9912], "val_f1": [0.8723, 0.8621, 0.8082, 0.7818, 0.8235, 0.8502, 0.7802, 0.8372, 0.7474, 0.7893], "train_fpr": [0.03269999846816063, 0.019899999722838402, 0.011800000444054604, 0.009499999694526196, 0.005200000014156103, 0.003700000001117587, 0.0038999998942017555, 0.003000000026077032, 0.002199999988079071, 0.0015999999595806003], "val_fpr": [0.023000000044703484, 0.02759999968111515, 0.04809999838471413, 0.05790000036358833, 0.04270000010728836, 0.031599998474121094, 0.05640000104904175, 0.037300001829862595, 0.0689999982714653, 0.051899999380111694]}