{"train_loss": [1.746425986289978], "val_loss": [0.25384899973869324], "train_acc": [0.9800999760627747], "val_acc": [0.9553999900817871], "train_prec": [0.8543999791145325], "val_prec": [0.7003999948501587], "train_rec": [0.9657999873161316], "val_rec": [0.9679999947547913], "train_spec": [0.9817000031471252], "val_spec": [0.9539999961853027], "train_f1": [0.9067], "val_f1": [0.8127], "train_fpr": [0.018300000578165054], "val_fpr": [0.04600000008940697]}