{"train_loss": [0.27651798725128174, 0.07696499675512314, 0.0387750007212162, 0.019845999777317047, 0.017292000353336334, 0.017534999176859856, 0.008547999896109104, 0.00901500042527914, 0.02796199917793274, 0.0061610001139342785], "val_loss": [0.18735100328922272, 0.264835000038147, 0.31852200627326965, 0.49678000807762146, 0.4770149886608124, 0.4612799882888794, 0.4182800054550171, 0.6816250085830688, 0.5879909992218018, 0.8147109746932983], "train_acc": [0.9585999846458435, 0.9904999732971191, 0.9945999979972839, 0.9970999956130981, 0.9972000122070312, 0.9976000189781189, 0.9986000061035156, 0.9983000159263611, 0.9987999796867371, 0.9988999962806702], "val_acc": [0.9765999913215637, 0.9794999957084656, 0.9708999991416931, 0.9610999822616577, 0.9733999967575073, 0.9717000126838684, 0.9555000066757202, 0.9776999950408936, 0.9629999995231628, 0.9775999784469604], "train_prec": [0.7251999974250793, 0.9240999817848206, 0.9556999802589417, 0.9760000109672546, 0.9751999974250793, 0.9801999926567078, 0.9872999787330627, 0.9854999780654907, 0.9894000291824341, 0.989799976348877], "val_prec": [0.8361999988555908, 0.8738999962806702, 0.7900999784469604, 0.7372000217437744, 0.8205999732017517, 0.7997999787330627, 0.7006000280380249, 0.8519999980926514, 0.7432000041007996, 0.8532000184059143], "train_rec": [0.9437999725341797, 0.9857000112533569, 0.9918000102043152, 0.9957000017166138, 0.9968000054359436, 0.9966999888420105, 0.9987000226974487, 0.9976999759674072, 0.9984999895095825, 0.9990000128746033], "val_rec": [0.9527000188827515, 0.9286999702453613, 0.9660000205039978, 0.949999988079071, 0.939300000667572, 0.9559999704360962, 0.9686999917030334, 0.9399999976158142, 0.9627000093460083, 0.9373000264167786], "train_spec": [0.9603000283241272, 0.9909999966621399, 0.9948999881744385, 0.9973000288009644, 0.9972000122070312, 0.9977999925613403, 0.9986000061035156, 0.9983999729156494, 0.9987999796867371, 0.9988999962806702], "val_spec": [0.9793000221252441, 0.9850999712944031, 0.9714999794960022, 0.9624000191688538, 0.9771999716758728, 0.9733999967575073, 0.9539999961853027, 0.9818999767303467, 0.9629999995231628, 0.9821000099182129], "train_f1": [0.8202, 0.9539, 0.9734, 0.9858, 0.9859, 0.9884, 0.993, 0.9916, 0.9939, 0.9944], "val_f1": [0.8907, 0.9005, 0.8692, 0.8302, 0.8759, 0.871, 0.8131, 0.8938, 0.8388, 0.8933], "train_fpr": [0.03970000147819519, 0.008999999612569809, 0.005100000184029341, 0.0027000000700354576, 0.00279999990016222, 0.002199999988079071, 0.00139999995008111, 0.0015999999595806003, 0.0012000000569969416, 0.0010999999940395355], "val_fpr": [0.02070000022649765, 0.01489999983459711, 0.02850000001490116, 0.03759999945759773, 0.02280000038444996, 0.026599999517202377, 0.04600000008940697, 0.01810000091791153, 0.03700000047683716, 0.017899999395012856]}