{"train_loss": [1.5419280529022217, 0.8370980024337769], "val_loss": [0.2761709988117218, 0.2608279883861542], "train_acc": [0.9605000019073486, 0.9811000227928162], "val_acc": [0.957099974155426, 0.9652000069618225], "train_prec": [0.7419000267982483, 0.8632000088691711], "val_prec": [0.7139000296592712, 0.7562999725341797], "train_rec": [0.9277999997138977, 0.963699996471405], "val_rec": [0.9532999992370605, 0.9620000123977661], "train_spec": [0.9641000032424927, 0.9829999804496765], "val_spec": [0.9575999975204468, 0.9656000137329102], "train_f1": [0.8245, 0.9107], "val_f1": [0.8164, 0.8468], "train_fpr": [0.03590000048279762, 0.017000000923871994], "val_fpr": [0.042399998754262924, 0.03440000116825104]}