{"train_loss": [0.27581098675727844, 0.06811799854040146, 0.03622300177812576, 0.019519999623298645, 0.018045000731945038, 0.01488099992275238, 0.01720299944281578, 0.013260999694466591, 0.012055999599397182, 0.012143000029027462], "val_loss": [0.1854429990053177, 0.28105801343917847, 0.3190149962902069, 0.5941050052642822, 0.6700670123100281, 0.43563199043273926, 0.5656129717826843, 0.7049840092658997, 0.8468379974365234, 0.6856030225753784], "train_acc": [0.9581999778747559, 0.9904000163078308, 0.994700014591217, 0.9962999820709229, 0.9973999857902527, 0.9980000257492065, 0.9976000189781189, 0.9980999827384949, 0.9986000061035156, 0.9988999962806702], "val_acc": [0.9764000177383423, 0.9779000282287598, 0.9757000207901001, 0.9584000110626221, 0.9745000004768372, 0.9337999820709229, 0.9731000065803528, 0.9677000045776367, 0.9710000157356262, 0.9771999716758728], "train_prec": [0.7232999801635742, 0.9225000143051147, 0.9563000202178955, 0.9678999781608582, 0.9768000245094299, 0.9821000099182129, 0.9783999919891357, 0.9830999970436096, 0.9879999756813049, 0.989799976348877], "val_prec": [0.8331000208854675, 0.8557999730110168, 0.8271999955177307, 0.7217000126838684, 0.8306999802589417, 0.6043000221252441, 0.8138999938964844, 0.7742999792098999, 0.7997000217437744, 0.8508999943733215], "train_rec": [0.9433000087738037, 0.9866999983787537, 0.9922000169754028, 0.9962999820709229, 0.9972000122070312, 0.9980000257492065, 0.9977999925613403, 0.9980000257492065, 0.9980000257492065, 0.9990000128746033], "val_rec": [0.955299973487854, 0.9373000264167786, 0.9573000073432922, 0.9506999850273132, 0.9352999925613403, 0.9793000221252441, 0.9473000168800354, 0.9559999704360962, 0.9473000168800354, 0.9359999895095825], "train_spec": [0.9599000215530396, 0.9908000230789185, 0.9950000047683716, 0.9962999820709229, 0.9973999857902527, 0.9980000257492065, 0.9976000189781189, 0.9980999827384949, 0.9986000061035156, 0.9988999962806702], "val_spec": [0.9786999821662903, 0.9824000000953674, 0.9778000116348267, 0.9592999815940857, 0.9787999987602234, 0.9286999702453613, 0.9758999943733215, 0.968999981880188, 0.9735999703407288, 0.9818000197410583], "train_f1": [0.8188, 0.9535, 0.9739, 0.9819, 0.9869, 0.99, 0.988, 0.9905, 0.993, 0.9944], "val_f1": [0.89, 0.8947, 0.8875, 0.8205, 0.8799, 0.7474, 0.8755, 0.8556, 0.8673, 0.8914], "train_fpr": [0.04010000079870224, 0.009200000204145908, 0.004999999888241291, 0.003700000001117587, 0.0026000000070780516, 0.0020000000949949026, 0.002400000113993883, 0.0019000000320374966, 0.00139999995008111, 0.0010999999940395355], "val_fpr": [0.021299999207258224, 0.01759999990463257, 0.022199999541044235, 0.040699999779462814, 0.021199999377131462, 0.07129999995231628, 0.02410000003874302, 0.03099999949336052, 0.026399999856948853, 0.018200000748038292]}