{"train_loss": [0.708558976650238, 0.29887300729751587, 0.20866499841213226, 0.1689469963312149, 0.14420799911022186], "val_loss": [0.21201500296592712, 0.21262399852275848, 0.24402399361133575, 0.2678869962692261, 0.3371810019016266], "train_acc": [0.9485999941825867, 0.9836999773979187, 0.9900000095367432, 0.992900013923645, 0.9927999973297119], "val_acc": [0.9678999781608582, 0.970300018787384, 0.9670000076293945, 0.9726999998092651, 0.9699000120162964], "train_prec": [0.6814000010490417, 0.8804000020027161, 0.9254000186920166, 0.9484000205993652, 0.9456999897956848], "val_prec": [0.7785999774932861, 0.7901999950408936, 0.765500009059906, 0.8119000196456909, 0.7922000288963318], "train_rec": [0.9132999777793884, 0.9682000279426575, 0.9783999919891357, 0.9828000068664551, 0.9843000173568726], "val_rec": [0.9492999911308289, 0.9567000269889832, 0.9660000205039978, 0.9466999769210815, 0.9480000138282776], "train_spec": [0.9526000022888184, 0.9854000210762024, 0.9911999702453613, 0.9940999746322632, 0.9937000274658203], "val_spec": [0.9700000286102295, 0.9718000292778015, 0.9671000242233276, 0.975600004196167, 0.9724000096321106], "train_f1": [0.7805, 0.9222, 0.9512, 0.9653, 0.9646], "val_f1": [0.8555, 0.8655, 0.8541, 0.8741, 0.8631], "train_fpr": [0.04740000143647194, 0.014600000344216824, 0.008799999952316284, 0.005900000222027302, 0.006300000008195639], "val_fpr": [0.029999999329447746, 0.028200000524520874, 0.03290000185370445, 0.024399999529123306, 0.02759999968111515]}