{"train_loss": [1.2455960512161255, 0.901544988155365], "val_loss": [0.28089699149131775, 0.23314900696277618], "train_acc": [0.9681000113487244, 0.9789999723434448], "val_acc": [0.9433000087738037, 0.9674999713897705], "train_prec": [0.785099983215332, 0.8507000207901001], "val_prec": [0.6442999839782715, 0.775600016117096], "train_rec": [0.9375, 0.9581000208854675], "val_rec": [0.9660000205039978, 0.9492999911308289], "train_spec": [0.9714999794960022, 0.9812999963760376], "val_spec": [0.9406999945640564, 0.9695000052452087], "train_f1": [0.8546, 0.9012], "val_f1": [0.773, 0.8537], "train_fpr": [0.02850000001490116, 0.018699999898672104], "val_fpr": [0.059300001710653305, 0.030500000342726707]}