{"train_loss": [0.26922500133514404, 0.08781299740076065, 0.0469140000641346, 0.04058299958705902, 0.031700000166893005, 0.020942000672221184, 0.016925999894738197, 0.01259700022637844, 0.010710000060498714, 0.006147999782115221], "val_loss": [0.18714599311351776, 0.2530730068683624, 0.37779200077056885, 0.36550000309944153, 0.33523499965667725, 0.46324700117111206, 0.4724990129470825, 0.4917219877243042, 0.5487629771232605, 0.7449390292167664], "train_acc": [0.9605000019073486, 0.9871000051498413, 0.9936000108718872, 0.994700014591217, 0.9962999820709229, 0.996999979019165, 0.9977999925613403, 0.9980000257492065, 0.9980999827384949, 0.9988999962806702], "val_acc": [0.9736999869346619, 0.963100016117096, 0.9789000153541565, 0.974399983882904, 0.9674000144004822, 0.9678000211715698, 0.9404000043869019, 0.9519000053405762, 0.9621999859809875, 0.958299994468689], "train_prec": [0.7348999977111816, 0.8989999890327454, 0.9466999769210815, 0.9559999704360962, 0.9684000015258789, 0.973800003528595, 0.9810000061988831, 0.9825999736785889, 0.9836000204086304, 0.9904000163078308], "val_prec": [0.8134999871253967, 0.7427999973297119, 0.8592000007629395, 0.8210999965667725, 0.7710000276565552, 0.774399995803833, 0.6324999928474426, 0.6847000122070312, 0.7389000058174133, 0.720300018787384], "train_rec": [0.9465000033378601, 0.9817000031471252, 0.9922999739646912, 0.9925000071525574, 0.995199978351593, 0.9966999888420105, 0.9972000122070312, 0.9976999759674072, 0.9976999759674072, 0.9987999796867371], "val_rec": [0.9567000269889832, 0.9646999835968018, 0.9440000057220459, 0.9513000249862671, 0.9587000012397766, 0.9567000269889832, 0.9639999866485596, 0.9627000093460083, 0.9620000123977661, 0.9527000188827515], "train_spec": [0.9621000289916992, 0.9876999855041504, 0.9937999844551086, 0.9948999881744385, 0.996399998664856, 0.996999979019165, 0.9979000091552734, 0.9980000257492065, 0.9980999827384949, 0.9988999962806702], "val_spec": [0.975600004196167, 0.9628999829292297, 0.9828000068664551, 0.9769999980926514, 0.9684000015258789, 0.968999981880188, 0.9377999901771545, 0.9506999850273132, 0.9621999859809875, 0.958899974822998], "train_f1": [0.8274, 0.9385, 0.969, 0.9739, 0.9816, 0.9851, 0.989, 0.9901, 0.9906, 0.9946], "val_f1": [0.8793, 0.8393, 0.8996, 0.8814, 0.8547, 0.856, 0.7638, 0.8002, 0.8358, 0.8204], "train_fpr": [0.03790000081062317, 0.012299999594688416, 0.006200000178068876, 0.005100000184029341, 0.003599999938160181, 0.003000000026077032, 0.002099999925121665, 0.0020000000949949026, 0.0019000000320374966, 0.0010999999940395355], "val_fpr": [0.024399999529123306, 0.03709999844431877, 0.01720000058412552, 0.023000000044703484, 0.031599998474121094, 0.03099999949336052, 0.062199998646974564, 0.049300000071525574, 0.03779999911785126, 0.041099999099969864]}