{"train_loss": [2.9252851009368896], "val_loss": [0.29962900280952454], "train_acc": [0.9678999781608582], "val_acc": [0.9506000280380249], "train_prec": [0.7875999808311462], "val_prec": [0.679099977016449], "train_rec": [0.9302999973297119], "val_rec": [0.9592999815940857], "train_spec": [0.972100019454956], "val_spec": [0.9495999813079834], "train_f1": [0.853], "val_f1": [0.7952], "train_fpr": [0.027899999171495438], "val_fpr": [0.05040000006556511]}