{"train_loss": [0.2757219970226288, 0.07921600341796875, 0.035333000123500824, 0.024555999785661697, 0.01925799995660782, 0.016217999160289764, 0.008058999665081501, 0.016889000311493874, 0.005439000204205513, 0.005171999800950289], "val_loss": [0.18627899885177612, 0.2592729926109314, 0.35250601172447205, 0.4934000074863434, 0.5210700035095215, 0.44790199398994446, 0.38216400146484375, 0.46441999077796936, 0.558351993560791, 0.7683550119400024], "train_acc": [0.9581999778747559, 0.9901999831199646, 0.9947999715805054, 0.9972000122070312, 0.9973000288009644, 0.9976999759674072, 0.9986000061035156, 0.9983999729156494, 0.9991000294685364, 0.9991999864578247], "val_acc": [0.9765999913215637, 0.9703999757766724, 0.9681000113487244, 0.9172000288963318, 0.9767000079154968, 0.9763000011444092, 0.9628999829292297, 0.9690999984741211, 0.9775999784469604, 0.9642999768257141], "train_prec": [0.7231000065803528, 0.9211999773979187, 0.9567000269889832, 0.9763000011444092, 0.9768000245094299, 0.9797000288963318, 0.9878000020980835, 0.9860000014305115, 0.9922000169754028, 0.9937000274658203], "val_prec": [0.8334000110626221, 0.7936999797821045, 0.7731000185012817, 0.5486000180244446, 0.8418999910354614, 0.8349999785423279, 0.7445999979972839, 0.7839999794960022, 0.8443999886512756, 0.7529000043869019], "train_rec": [0.9430000185966492, 0.986299991607666, 0.9933000206947327, 0.9965000152587891, 0.9965000152587891, 0.9973000288009644, 0.9983000159263611, 0.9977999925613403, 0.9987999796867371, 0.9984999895095825], "val_rec": [0.9573000073432922, 0.9513000249862671, 0.9632999897003174, 0.9700000286102295, 0.9447000026702881, 0.9513000249862671, 0.9580000042915344, 0.9532999992370605, 0.9513000249862671, 0.9567000269889832], "train_spec": [0.9599000215530396, 0.9905999898910522, 0.9950000047683716, 0.9973000288009644, 0.9973999857902527, 0.9976999759674072, 0.9986000061035156, 0.9983999729156494, 0.9991000294685364, 0.9993000030517578], "val_spec": [0.9786999821662903, 0.9725000262260437, 0.9685999751091003, 0.911300003528595, 0.9803000092506409, 0.9790999889373779, 0.9635000228881836, 0.97079998254776, 0.9804999828338623, 0.9650999903678894], "train_f1": [0.8185, 0.9526, 0.9747, 0.9863, 0.9866, 0.9884, 0.993, 0.9919, 0.9955, 0.9961], "val_f1": [0.8911, 0.8654, 0.8578, 0.7008, 0.8903, 0.8894, 0.8379, 0.8604, 0.8947, 0.8427], "train_fpr": [0.04010000079870224, 0.009399999864399433, 0.004999999888241291, 0.0027000000700354576, 0.0026000000070780516, 0.002300000051036477, 0.00139999995008111, 0.0015999999595806003, 0.0008999999845400453, 0.000699999975040555], "val_fpr": [0.021299999207258224, 0.027499999850988388, 0.03139999881386757, 0.08869999647140503, 0.019700000062584877, 0.020899999886751175, 0.0364999994635582, 0.029200000688433647, 0.019500000402331352, 0.0348999984562397]}