{"train_loss": [1.7813550233840942], "val_loss": [0.262237012386322], "train_acc": [0.9794999957084656], "val_acc": [0.954200029373169], "train_prec": [0.849399983882904], "val_prec": [0.6984000205993652], "train_rec": [0.9657999873161316], "val_rec": [0.9539999961853027], "train_spec": [0.9810000061988831], "val_spec": [0.954200029373169], "train_f1": [0.9039], "val_f1": [0.8064], "train_fpr": [0.01899999938905239], "val_fpr": [0.04580000042915344]}