{"train_loss": [1.1414790153503418, 0.6822729706764221], "val_loss": [0.2624779939651489, 0.32086899876594543], "train_acc": [0.9690999984741211, 0.9836999773979187], "val_acc": [0.9438999891281128, 0.9641000032424927], "train_prec": [0.7827000021934509, 0.8762000203132629], "val_prec": [0.6460000276565552, 0.7491000294685364], "train_rec": [0.9567000269889832, 0.974399983882904], "val_rec": [0.9707000255584717, 0.9632999897003174], "train_spec": [0.9704999923706055, 0.9847000241279602], "val_spec": [0.9409000277519226, 0.9641000032424927], "train_f1": [0.861, 0.9227], "val_f1": [0.7757, 0.8428], "train_fpr": [0.029500000178813934, 0.015300000086426735], "val_fpr": [0.05909999832510948, 0.03590000048279762]}