{"train_loss": [0.7715179920196533], "val_loss": [1.7107369899749756], "train_acc": [0.991599977016449], "val_acc": [0.9456999897956848], "train_prec": [0.9347000122070312], "val_prec": [0.8672000169754028], "train_rec": [0.9843999743461609], "val_rec": [0.5400000214576721], "train_spec": [0.9923999905586243], "val_spec": [0.9908000230789185], "train_f1": [0.9589], "val_f1": [0.6656], "train_fpr": [0.007600000128149986], "val_fpr": [0.009200000204145908]}