{"train_loss": [1.6404379606246948, 0.7868109941482544], "val_loss": [0.20062699913978577, 0.27300500869750977], "train_acc": [0.9575999975204468, 0.9829000234603882], "val_acc": [0.957099974155426, 0.9574999809265137], "train_prec": [0.7276999950408936, 0.8738999962806702], "val_prec": [0.7095999717712402, 0.713100016117096], "train_rec": [0.9208999872207642, 0.968500018119812], "val_rec": [0.9660000205039978, 0.9627000093460083], "train_spec": [0.9617000222206116, 0.984499990940094], "val_spec": [0.9560999870300293, 0.9570000171661377], "train_f1": [0.813, 0.9188], "val_f1": [0.8182, 0.8193], "train_fpr": [0.03830000013113022, 0.01549999974668026], "val_fpr": [0.04390000179409981, 0.0430000014603138]}