{"train_loss": [0.6726909875869751, 0.2571699917316437, 0.1524450033903122, 0.15096700191497803, 0.09373299777507782], "val_loss": [0.20400400459766388, 0.20018599927425385, 0.2888740003108978, 0.27185699343681335, 0.5529429912567139], "train_acc": [0.9521999955177307, 0.9861999750137329, 0.9922999739646912, 0.9923999905586243, 0.9947999715805054], "val_acc": [0.9715999960899353, 0.9708999991416931, 0.9704999923706055, 0.9704999923706055, 0.9314000010490417], "train_prec": [0.698199987411499, 0.8967999815940857, 0.9409000277519226, 0.941100001335144, 0.9585000276565552], "val_prec": [0.8036999702453613, 0.7929999828338623, 0.792900025844574, 0.7910000085830688, 0.5974000096321106], "train_rec": [0.9192000031471252, 0.9735000133514404, 0.9843999743461609, 0.9854999780654907, 0.9908999800682068], "val_rec": [0.9473000168800354, 0.9599999785423279, 0.9546999931335449, 0.9587000012397766, 0.9632999897003174], "train_spec": [0.9559000134468079, 0.9876000285148621, 0.9930999875068665, 0.9930999875068665, 0.995199978351593], "val_spec": [0.9743000268936157, 0.972100019454956, 0.9722999930381775, 0.9718999862670898, 0.9279000163078308], "train_f1": [0.7936, 0.9336, 0.9622, 0.9628, 0.9744], "val_f1": [0.8696, 0.8685, 0.8663, 0.8668, 0.7375], "train_fpr": [0.04410000145435333, 0.012400000356137753, 0.006899999920278788, 0.006899999920278788, 0.004800000227987766], "val_fpr": [0.025699999183416367, 0.027899999171495438, 0.027699999511241913, 0.02810000069439411, 0.07209999859333038]}