{"train_loss": [0.5267549753189087, 0.19800199568271637, 0.11091800034046173, 0.08652900159358978, 0.05829799920320511], "val_loss": [0.1987289935350418, 0.25660601258277893, 0.43469899892807007, 0.4071759879589081, 0.6199010014533997], "train_acc": [0.9629999995231628, 0.986299991607666, 0.9927999973297119, 0.9945999979972839, 0.996399998664856], "val_acc": [0.9678000211715698, 0.9760000109672546, 0.9725000262260437, 0.9635000228881836, 0.9631999731063843], "train_prec": [0.7490000128746033, 0.8931000232696533, 0.9412999749183655, 0.9557999968528748, 0.9699000120162964], "val_prec": [0.774399995803833, 0.8345000147819519, 0.8087000250816345, 0.7475000023841858, 0.748199999332428], "train_rec": [0.948199987411499, 0.9803000092506409, 0.9900000095367432, 0.9922000169754028, 0.9947999715805054], "val_rec": [0.9567000269889832, 0.9480000138282776, 0.949999988079071, 0.9592999815940857, 0.9527000188827515], "train_spec": [0.9646999835968018, 0.9869999885559082, 0.9930999875068665, 0.9948999881744385, 0.9965999722480774], "val_spec": [0.968999981880188, 0.9790999889373779, 0.9750000238418579, 0.9639999866485596, 0.9643999934196472], "train_f1": [0.8369, 0.9347, 0.965, 0.9737, 0.9822], "val_f1": [0.856, 0.8876, 0.8737, 0.8403, 0.8382], "train_fpr": [0.03530000150203705, 0.013000000268220901, 0.006899999920278788, 0.005100000184029341, 0.0034000000450760126], "val_fpr": [0.03099999949336052, 0.020899999886751175, 0.02500000037252903, 0.035999998450279236, 0.035599999129772186]}