{"train_loss": [1.7239830493927002], "val_loss": [0.2972260117530823], "train_acc": [0.9794999957084656], "val_acc": [0.9563000202178955], "train_prec": [0.8485999703407288], "val_prec": [0.7078999876976013], "train_rec": [0.9671000242233276], "val_rec": [0.9580000042915344], "train_spec": [0.9807999730110168], "val_spec": [0.9560999870300293], "train_f1": [0.904], "val_f1": [0.8142], "train_fpr": [0.019200000911951065], "val_fpr": [0.04390000179409981]}